-- create database
CREATE DATABASE SQL;
USE SQL;

--CREATE ALL TABLE

CREATE TABLE DEPOSIT (
    ACTNO INT,
    CNAME VARCHAR(50),
    BNAME VARCHAR(50),
    AMOUNT DECIMAL(8,2),
    ADATE DATETIME
);

CREATE TABLE BRANCH (
    BNAME VARCHAR(50),
    CITY VARCHAR(50)
);

CREATE TABLE CUSTOMERS (
    CNAME VARCHAR(50),
    CITY VARCHAR(50)
);

CREATE TABLE BORROW (
    LOANNO INT,
    CNAME VARCHAR(50),
    BNAME VARCHAR(50),
    AMOUNT DECIMAL(8,2)
);

-- INSERT TABLE DATA'S ONE BY ONE

INSERT INTO DEPOSIT VALUES
(101,'ANIL','VRCE',1000.00,'1995-03-01'),
(102,'SUNIL','AJNI',5000.00,'1996-01-04'),
(103,'MEHUL','KAROLBAGH',3500.00,'1995-11-17'),
(104,'MADHURI','CHANDI',1200.00,'1995-11-17'),
(105,'PRAMOD','M.G. ROAD',3000.00,'1996-03-27'),
(106,'SANDIP','ANDHERI',2000.00,'1996-03-31'),
(107,'SHIVANI','VIRAR',1000.00,'1995-09-05'),
(108,'KRANTI','NEHRU PLACE',5000.00,'1995-05-07'),
(109,'MINU','POWAI',7000.00,'1995-08-10');

INSERT INTO BRANCH VALUES
('VRCE','NAGPUR'),
('AJNI','NAGPUR'),
('KAROLBAGH','DELHI'),
('CHANDI','DELHI'),
('DHARAMPETH','NAGPUR'),
('M.G. ROAD','BANGLORE'),
('ANDHERI','BOMBAY'),
('VIRAR','BOMBAY'),
('NEHRU PLACE','DELHI'),
('POWAI','BOMBAY');

INSERT INTO CUSTOMERS VALUES
('ANIL','CALCUTTA'),
('SUNIL','DELHI'),
('MEHUL','BARODA'),
('MANDAR','PATNA'),
('MADHURI','NAGPUR'),
('PRAMOD','NAGPUR'),
('SANDIP','SURAT'),
('SHIVANI','BOMBAY'),
('KRANTI','BOMBAY'),
('NAREN','BOMBAY');

INSERT INTO BORROW VALUES
(201,'ANIL','VRCE',1000.00),
(206,'MEHUL','AJNI',5000.00),
(311,'SUNIL','DHARAMPETH',3000.00),
(321,'MADHURI','ANDHERI',2000.00),
(375,'PRAMOD','VIRAR',8000.00),
(481,'KRANTI','NEHRU PLACE',3000.00);


-- USING SELECT RETRIVE ALLL THE TABLE DATA'S FROM DATABASE.
SELECT * FROM DEPOSIT;
SELECT * FROM BRANCH;
SELECT * FROM CUSTOMERS;
SELECT * FROM BORROW;

